999,Guelph,AA,-5.0,-5,-38,197.5994110107422
Date (MM/DD/YYYY),Time (HH:MM),ETR (W/m^2),ETRN (W/m^2),GHI (W/m^2),GHI source,GHI uncert (%),DNI (W/m^2),DNI source,DNI uncert (%),DHI (W/m^2),DHI source,DHI uncert (%),GH illum (lx),GH illum source,Global illum uncert (%),DN illum (lx),DN illum source,DN illum uncert (%),DH illum (lx),DH illum source,DH illum uncert (%),Zenith lum (cd/m^2),Zenith lum source,Zenith lum uncert (%),TotCld (tenths),TotCld source,TotCld uncert (code),OpqCld (tenths),OpqCld source,OpqCld uncert (code),Dry-bulb (C),Dry-bulb source,Dry-bulb uncert (code),Dew-point (C),Dew-point source,Dew-point uncert (code),RHum (%),RHum source,RHum uncert (code),Pressure (mbar),Pressure source,Pressure uncert (code),Wdir (degrees),Wdir source,Wdir uncert (code),Wspd (m/s),Wspd source,Wspd uncert (code),Hvis (m),Hvis source,Hvis uncert (code),CeilHgt (m),CeilHgt source,CeilHgt uncert (code),Pwat (cm),Pwat source,Pwat uncert (code),AOD (unitless),AOD source,AOD uncert (code),Alb (unitless),Alb source,Alb uncert (code),Lprecip depth (mm),Lprecip quantity (hr),Lprecip source,Lprecip uncert (code)
1/1/1900,01:00,0,0,0.0,0,0,0.0,0,0,0.0,0,0,0,0,0,0,0,0,0,0,0,0,0,0,0,0,0,0,0,0,4.3464665,0,0,-1.5339329,0,0,65.42207,0,0,989.673,0,0,0,0,0,1.5,0,0,0,0,0,0,0,0,0,0,0,0,0,0,0,0,0,0.0,0,0,0
1/1/1900,02:00,0,0,0.0,0,0,0.0,0,0,0.0,0,0,0,0,0,0,0,0,0,0,0,0,0,0,0,0,0,0,0,0,3.593747,0,0,-1.6306295,0,0,68.50082,0,0,989.673,0,0,0,0,0,1.1,0,0,0,0,0,0,0,0,0,0,0,0,0,0,0,0,0,0.0,0,0,0
1/1/1900,03:00,0,0,0.0,0,0,0.0,0,0,0.0,0,0,0,0,0,0,0,0,0,0,0,0,0,0,0,0,0,0,0,0,2.8410273,0,0,-2.2239058,0,0,69.15056,0,0,989.673,0,0,0,0,0,1.1,0,0,0,0,0,0,0,0,0,0,0,0,0,0,0,0,0,0.0,0,0,0
1/1/1900,04:00,0,0,0.0,0,0,0.0,0,0,0.0,0,0,0,0,0,0,0,0,0,0,0,0,0,0,0,0,0,0,0,0,2.442862,0,0,-2.464875,0,0,69.878716,0,0,989.673,0,0,0,0,0,1.5,0,0,0,0,0,0,0,0,0,0,0,0,0,0,0,0,0,0.0,0,0,0
1/1/1900,05:00,0,0,0.0,0,0,0.0,0,0,0.0,0,0,0,0,0,0,0,0,0,0,0,0,0,0,0,0,0,0,0,0,2.0446968,0,0,-2.786087,0,0,70.19632,0,0,989.673,0,0,0,0,0,1.0,0,0,0,0,0,0,0,0,0,0,0,0,0,0,0,0,0,0.0,0,0,0
1/1/1900,06:00,0,0,0.0,0,0,0.0,0,0,0.0,0,0,0,0,0,0,0,0,0,0,0,0,0,0,0,0,0,0,0,0,1.6465316,0,0,-2.6301515,0,0,73.08099,0,0,989.673,0,0,0,0,0,1.2,0,0,0,0,0,0,0,0,0,0,0,0,0,0,0,0,0,0.0,0,0,0
1/1/1900,07:00,0,0,0.0,0,0,0.0,0,0,0.0,0,0,0,0,0,0,0,0,0,0,0,0,0,0,0,0,0,0,0,0,1.3667877,0,0,-2.9663992,0,0,72.71772,0,0,989.673,0,0,0,0,0,1.0,0,0,0,0,0,0,0,0,0,0,0,0,0,0,0,0,0,0.0,0,0,0
1/1/1900,08:00,0,0,0.0,0,0,0.0,0,0,0.0,0,0,0,0,0,0,0,0,0,0,0,0,0,0,0,0,0,0,0,0,1.0870438,0,0,-2.9440336,0,0,74.32692,0,0,989.673,0,0,0,0,0,1.6,0,0,0,0,0,0,0,0,0,0,0,0,0,0,0,0,0,0.0,0,0,0
1/1/1900,09:00,0,0,23.85988,0,0,0.0,0,0,23.85988,0,0,0,0,0,0,0,0,0,0,0,0,0,0,0,0,0,0,0,0,1.9427207,0,0,-2.1148565,0,0,74.3414,0,0,989.673,0,0,0,0,0,1.5,0,0,0,0,0,0,0,0,0,0,0,0,0,0,0,0,0,0.0,0,0,0
1/1/1900,10:00,0,0,215.40662,0,0,710.41437,0,0,43.46123,0,0,0,0,0,0,0,0,0,0,0,0,0,0,0,0,0,0,0,0,5.5088434,0,0,-1.0484385,0,0,62.507893,0,0,989.673,0,0,0,0,0,3.6,0,0,0,0,0,0,0,0,0,0,0,0,0,0,0,0,0,0.0,0,0,0
1/1/1900,11:00,0,0,358.0449,0,0,847.33685,0,0,48.272816,0,0,0,0,0,0,0,0,0,0,0,0,0,0,0,0,0,0,0,0,8.460507,0,0,-1.3638606,0,0,49.839268,0,0,989.673,0,0,0,0,0,3.4,0,0,0,0,0,0,0,0,0,0,0,0,0,0,0,0,0,0.0,0,0,0
1/1/1900,12:00,0,0,458.9425,0,0,912.6788,0,0,50.24668,0,0,0,0,0,0,0,0,0,0,0,0,0,0,0,0,0,0,0,0,10.865251,0,0,-2.921762,0,0,37.750393,0,0,989.673,0,0,0,0,0,3.6,0,0,0,0,0,0,0,0,0,0,0,0,0,0,0,0,0,0.0,0,0,0
1/1/1900,13:00,0,0,508.84772,0,0,942.6472,0,0,53.476227,0,0,0,0,0,0,0,0,0,0,0,0,0,0,0,0,0,0,0,0,12.666841,0,0,-2.7172573,0,0,34.022903,0,0,989.673,0,0,0,0,0,4.0,0,0,0,0,0,0,0,0,0,0,0,0,0,0,0,0,0,0.0,0,0,0
1/1/1900,14:00,0,0,488.72498,0,0,932.27094,0,0,51.474392,0,0,0,0,0,0,0,0,0,0,0,0,0,0,0,0,0,0,0,0,13.726959,0,0,-2.7857301,0,0,31.580763,0,0,989.7117,0,0,0,0,0,4.8,0,0,0,0,0,0,0,0,0,0,0,0,0,0,0,0,0,0.0,0,0,0
1/1/1900,15:00,0,0,408.54373,0,0,883.11743,0,0,49.490925,0,0,0,0,0,0,0,0,0,0,0,0,0,0,0,0,0,0,0,0,14.040005,0,0,-2.3296382,0,0,32.015457,0,0,989.75037,0,0,0,0,0,4.3,0,0,0,0,0,0,0,0,0,0,0,0,0,0,0,0,0,0.0,0,0,0
1/1/1900,16:00,0,0,279.60455,0,0,779.0317,0,0,45.890793,0,0,0,0,0,0,0,0,0,0,0,0,0,0,0,0,0,0,0,0,13.418427,0,0,-1.4125592,0,0,35.686024,0,0,989.78906,0,0,0,0,0,5.3,0,0,0,0,0,0,0,0,0,0,0,0,0,0,0,0,0,0.0,0,0,0
1/1/1900,17:00,0,0,124.11579,0,0,547.4399,0,0,38.401554,0,0,0,0,0,0,0,0,0,0,0,0,0,0,0,0,0,0,0,0,11.818317,0,0,-0.6848637,0,0,41.827854,0,0,989.82776,0,0,0,0,0,4.3,0,0,0,0,0,0,0,0,0,0,0,0,0,0,0,0,0,0.0,0,0,0
1/1/1900,18:00,0,0,1.5067061,0,0,0.0,0,0,1.5067061,0,0,0,0,0,0,0,0,0,0,0,0,0,0,0,0,0,0,0,0,9.743906,0,0,-0.23969606,0,0,49.631306,0,0,989.86646,0,0,0,0,0,4.5,0,0,0,0,0,0,0,0,0,0,0,0,0,0,0,0,0,0.0,0,0,0
1/1/1900,19:00,0,0,0.0,0,0,0.0,0,0,0.0,0,0,0,0,0,0,0,0,0,0,0,0,0,0,0,0,0,0,0,0,9.2152405,0,0,1.1008453,0,0,56.701363,0,0,989.90515,0,0,0,0,0,3.4,0,0,0,0,0,0,0,0,0,0,0,0,0,0,0,0,0,0.0,0,0,0
1/1/1900,20:00,0,0,0.0,0,0,0.0,0,0,0.0,0,0,0,0,0,0,0,0,0,0,0,0,0,0,0,0,0,0,0,0,8.686575,0,0,1.2923245,0,0,59.587624,0,0,989.9438,0,0,0,0,0,2.9,0,0,0,0,0,0,0,0,0,0,0,0,0,0,0,0,0,0.0,0,0,0
1/1/1900,21:00,0,0,0.0,0,0,0.0,0,0,0.0,0,0,0,0,0,0,0,0,0,0,0,0,0,0,0,0,0,0,0,0,8.157909,0,0,1.2960202,0,0,61.7863,0,0,989.9825,0,0,0,0,0,2.6,0,0,0,0,0,0,0,0,0,0,0,0,0,0,0,0,0,0.0,0,0,0
1/1/1900,22:00,0,0,0.0,0,0,0.0,0,0,0.0,0,0,0,0,0,0,0,0,0,0,0,0,0,0,0,0,0,0,0,0,7.629244,0,0,0.90401185,0,0,62.268177,0,0,990.0212,0,0,0,0,0,1.7,0,0,0,0,0,0,0,0,0,0,0,0,0,0,0,0,0,0.0,0,0,0
1/1/1900,23:00,0,0,0.0,0,0,0.0,0,0,0.0,0,0,0,0,0,0,0,0,0,0,0,0,0,0,0,0,0,0,0,0,7.1005783,0,0,-0.1825123,0,0,59.65896,0,0,990.0599,0,0,0,0,0,1.1,0,0,0,0,0,0,0,0,0,0,0,0,0,0,0,0,0,0.0,0,0,0
1/1/1900,24:00,0,0,0.0,0,0,0.0,0,0,0.0,0,0,0,0,0,0,0,0,0,0,0,0,0,0,0,0,0,0,0,0,6.571913,0,0,0.2629301,0,0,63.91786,0,0,990.0986,0,0,0,0,0,1.1,0,0,0,0,0,0,0,0,0,0,0,0,0,0,0,0,0,0.0,0,0,0
1/2/1900,01:00,0,0,0.0,0,0,0.0,0,0,0.0,0,0,0,0,0,0,0,0,0,0,0,0,0,0,0,0,0,0,0,0,6.212238,0,0,-0.11272015,0,0,63.756622,0,0,990.13727,0,0,0,0,0,1.1,0,0,0,0,0,0,0,0,0,0,0,0,0,0,0,0,0,0.0,0,0,0
1/2/1900,02:00,0,0,0.0,0,0,0.0,0,0,0.0,0,0,0,0,0,0,0,0,0,0,0,0,0,0,0,0,0,0,0,0,5.9131165,0,0,-0.40074974,0,0,63.73593,0,0,990.17596,0,0,0,0,0,2.3,0,0,0,0,0,0,0,0,0,0,0,0,0,0,0,0,0,0.0,0,0,0
1/2/1900,03:00,0,0,0.0,0,0,0.0,0,0,0.0,0,0,0,0,0,0,0,0,0,0,0,0,0,0,0,0,0,0,0,0,5.613995,0,0,-0.06209925,0,0,66.70817,0,0,990.21466,0,0,0,0,0,3.8,0,0,0,0,0,0,0,0,0,0,0,0,0,0,0,0,0,0.0,0,0,0
1/2/1900,04:00,0,0,0.0,0,0,0.0,0,0,0.0,0,0,0,0,0,0,0,0,0,0,0,0,0,0,0,0,0,0,0,0,5.494711,0,0,0.10343618,0,0,68.08265,0,0,990.25336,0,0,0,0,0,3.4,0,0,0,0,0,0,0,0,0,0,0,0,0,0,0,0,0,0.0,0,0,0
1/2/1900,05:00,0,0,0.0,0,0,0.0,0,0,0.0,0,0,0,0,0,0,0,0,0,0,0,0,0,0,0,0,0,0,0,0,5.375427,0,0,0.5279732,0,0,70.806816,0,0,990.29205,0,0,0,0,0,3.1,0,0,0,0,0,0,0,0,0,0,0,0,0,0,0,0,0,0.0,0,0,0
1/2/1900,06:00,0,0,0.0,0,0,0.0,0,0,0.0,0,0,0,0,0,0,0,0,0,0,0,0,0,0,0,0,0,0,0,0,5.2561426,0,0,1.5149653,0,0,76.686295,0,0,990.33075,0,0,0,0,0,2.6,0,0,0,0,0,0,0,0,0,0,0,0,0,0,0,0,0,0.0,0,0,0
1/2/1900,07:00,0,0,0.0,0,0,0.0,0,0,0.0,0,0,0,0,0,0,0,0,0,0,0,0,0,0,0,0,0,0,0,0,5.196924,0,0,1.67862,0,0,77.9173,0,0,990.3694,0,0,0,0,0,2.9,0,0,0,0,0,0,0,0,0,0,0,0,0,0,0,0,0,0.0,0,0,0
1/2/1900,08:00,0,0,0.0,0,0,0.0,0,0,0.0,0,0,0,0,0,0,0,0,0,0,0,0,0,0,0,0,0,0,0,0,5.137706,0,0,1.4086435,0,0,76.733025,0,0,990.4081,0,0,0,0,0,1.9,0,0,0,0,0,0,0,0,0,0,0,0,0,0,0,0,0,0.0,0,0,0
1/2/1900,09:00,0,0,23.62183,0,0,0.0,0,0,23.62183,0,0,0,0,0,0,0,0,0,0,0,0,0,0,0,0,0,0,0,0,6.111205,0,0,1.2422477,0,0,70.847824,0,0,990.4468,0,0,0,0,0,2.3,0,0,0,0,0,0,0,0,0,0,0,0,0,0,0,0,0,0.0,0,0,0
1/2/1900,10:00,0,0,225.8092,0,0,747.14435,0,0,44.936714,0,0,0,0,0,0,0,0,0,0,0,0,0,0,0,0,0,0,0,0,10.078867,0,0,1.7806344,0,0,56.185623,0,0,990.4855,0,0,0,0,0,2.4,0,0,0,0,0,0,0,0,0,0,0,0,0,0,0,0,0,0.0,0,0,0
1/2/1900,11:00,0,0,375.63303,0,0,874.42664,0,0,55.601116,0,0,0,0,0,0,0,0,0,0,0,0,0,0,0,0,0,0,0,0,13.371941,0,0,1.927156,0,0,45.655365,0,0,990.5242,0,0,0,0,0,3.1,0,0,0,0,0,0,0,0,0,0,0,0,0,0,0,0,0,0.0,0,0,0
1/2/1900,12:00,0,0,477.85507,0,0,935.8046,0,0,58.061295,0,0,0,0,0,0,0,0,0,0,0,0,0,0,0,0,0,0,0,0,16.036434,0,0,2.4063184,0,0,39.774414,0,0,990.56287,0,0,0,0,0,2.6,0,0,0,0,0,0,0,0,0,0,0,0,0,0,0,0,0,0.0,0,0,0
1/2/1900,13:00,0,0,520.3763,0,0,953.66016,0,0,58.558727,0,0,0,0,0,0,0,0,0,0,0,0,0,0,0,0,0,0,0,0,17.988026,0,0,2.1867774,0,0,34.593082,0,0,990.60156,0,0,0,0,0,4.0,0,0,0,0,0,0,0,0,0,0,0,0,0,0,0,0,0,0.0,0,0,0
1/2/1900,14:00,0,0,502.25894,0,0,946.35803,0,0,56.94061,0,0,0,0,0,0,0,0,0,0,0,0,0,0,0,0,0,0,0,0,19.19257,0,0,2.125293,0,0,31.936716,0,0,990.4038,0,0,0,0,0,4.5,0,0,0,0,0,0,0,0,0,0,0,0,0,0,0,0,0,0.0,0,0,0
1/2/1900,15:00,0,0,424.62653,0,0,904.7438,0,0,55.100994,0,0,0,0,0,0,0,0,0,0,0,0,0,0,0,0,0,0,0,0,19.641638,0,0,2.9647706,0,0,32.97599,0,0,990.206,0,0,0,0,0,3.6,0,0,0,0,0,0,0,0,0,0,0,0,0,0,0,0,0,0.0,0,0,0
1/2/1900,16:00,0,0,295.03366,0,0,813.6418,0,0,49.22838,0,0,0,0,0,0,0,0,0,0,0,0,0,0,0,0,0,0,0,0,19.133228,0,0,3.426137,0,0,35.171204,0,0,990.00824,0,0,0,0,0,4.5,0,0,0,0,0,0,0,0,0,0,0,0,0,0,0,0,0,0.0,0,0,0
1/2/1900,17:00,0,0,135.09518,0,0,638.4699,0,0,33.688396,0,0,0,0,0,0,0,0,0,0,0,0,0,0,0,0,0,0,0,0,17.583662,0,0,3.808876,0,0,39.830013,0,0,989.8105,0,0,0,0,0,3.6,0,0,0,0,0,0,0,0,0,0,0,0,0,0,0,0,0,0.0,0,0,0
1/2/1900,18:00,0,0,1.9130518,0,0,0.0,0,0,1.9130518,0,0,0,0,0,0,0,0,0,0,0,0,0,0,0,0,0,0,0,0,15.481083,0,0,4.8325577,0,0,48.94146,0,0,989.6127,0,0,0,0,0,3.8,0,0,0,0,0,0,0,0,0,0,0,0,0,0,0,0,0,0.0,0,0,0
1/2/1900,19:00,0,0,0.0,0,0,0.0,0,0,0.0,0,0,0,0,0,0,0,0,0,0,0,0,0,0,0,0,0,0,0,0,14.851274,0,0,5.428686,0,0,53.13664,0,0,989.4149,0,0,0,0,0,2.1,0,0,0,0,0,0,0,0,0,0,0,0,0,0,0,0,0,0.0,0,0,0
1/2/1900,20:00,0,0,0.0,0,0,0.0,0,0,0.0,0,0,0,0,0,0,0,0,0,0,0,0,0,0,0,0,0,0,0,0,14.221464,0,0,5.7261257,0,0,56.50635,0,0,989.21716,0,0,0,0,0,1.5,0,0,0,0,0,0,0,0,0,0,0,0,0,0,0,0,0,0.0,0,0,0
1/2/1900,21:00,0,0,0.0,0,0,0.0,0,0,0.0,0,0,0,0,0,0,0,0,0,0,0,0,0,0,0,0,0,0,0,0,13.591655,0,0,6.867663,0,0,63.711784,0,0,989.01935,0,0,0,0,0,0.9,0,0,0,0,0,0,0,0,0,0,0,0,0,0,0,0,0,0.0,0,0,0
1/2/1900,22:00,0,0,0.0,0,0,0.0,0,0,0.0,0,0,0,0,0,0,0,0,0,0,0,0,0,0,0,0,0,0,0,0,12.961845,0,0,7.4851065,0,0,69.26881,0,0,988.8216,0,0,0,0,0,0.6,0,0,0,0,0,0,0,0,0,0,0,0,0,0,0,0,0,0.0,0,0,0
1/2/1900,23:00,0,0,0.0,0,0,0.0,0,0,0.0,0,0,0,0,0,0,0,0,0,0,0,0,0,0,0,0,0,0,0,0,12.332036,0,0,6.905476,0,0,69.3768,0,0,988.62384,0,0,0,0,0,0.4,0,0,0,0,0,0,0,0,0,0,0,0,0,0,0,0,0,0.0,0,0,0
1/2/1900,24:00,0,0,0.0,0,0,0.0,0,0,0.0,0,0,0,0,0,0,0,0,0,0,0,0,0,0,0,0,0,0,0,0,11.702227,0,0,7.3569593,0,0,74.60474,0,0,988.426,0,0,0,0,0,0.1,0,0,0,0,0,0,0,0,0,0,0,0,0,0,0,0,0,0.0,0,0,0
1/3/1900,01:00,0,0,0.0,0,0,0.0,0,0,0.0,0,0,0,0,0,0,0,0,0,0,0,0,0,0,0,0,0,0,0,0,10.837772,0,0,7.2652826,0,0,78.52089,0,0,988.2283,0,0,0,0,0,0.2,0,0,0,0,0,0,0,0,0,0,0,0,0,0,0,0,0,0.0,0,0,0
1/3/1900,02:00,0,0,0.0,0,0,0.0,0,0,0.0,0,0,0,0,0,0,0,0,0,0,0,0,0,0,0,0,0,0,0,0,9.90966,0,0,7.1649947,0,0,82.981064,0,0,988.0305,0,0,0,0,0,0.2,0,0,0,0,0,0,0,0,0,0,0,0,0,0,0,0,0,0.0,0,0,0
1/3/1900,03:00,0,0,0.0,0,0,0.0,0,0,0.0,0,0,0,0,0,0,0,0,0,0,0,0,0,0,0,0,0,0,0,0,8.981548,0,0,6.388791,0,0,83.738144,0,0,987.8327,0,0,0,0,0,0.4,0,0,0,0,0,0,0,0,0,0,0,0,0,0,0,0,0,0.0,0,0,0
1/3/1900,04:00,0,0,0.0,0,0,0.0,0,0,0.0,0,0,0,0,0,0,0,0,0,0,0,0,0,0,0,0,0,0,0,0,8.485663,0,0,6.4620852,0,0,87.04405,0,0,987.63495,0,0,0,0,0,0.3,0,0,0,0,0,0,0,0,0,0,0,0,0,0,0,0,0,0.0,0,0,0
1/3/1900,05:00,0,0,0.0,0,0,0.0,0,0,0.0,0,0,0,0,0,0,0,0,0,0,0,0,0,0,0,0,0,0,0,0,7.9897795,0,0,6.423849,0,0,89.79759,0,0,987.4372,0,0,0,0,0,0.4,0,0,0,0,0,0,0,0,0,0,0,0,0,0,0,0,0,0.0,0,0,0
1/3/1900,06:00,0,0,0.0,0,0,0.0,0,0,0.0,0,0,0,0,0,0,0,0,0,0,0,0,0,0,0,0,0,0,0,0,7.4938955,0,0,6.657881,0,0,94.410904,0,0,987.2394,0,0,0,0,0,0.3,0,0,0,0,0,0,0,0,0,0,0,0,0,0,0,0,0,0.0,0,0,0
1/3/1900,07:00,0,0,0.0,0,0,0.0,0,0,0.0,0,0,0,0,0,0,0,0,0,0,0,0,0,0,0,0,0,0,0,0,7.142375,0,0,7.142375,0,0,100.0,0,0,987.0416,0,0,0,0,0,0.4,0,0,0,0,0,0,0,0,0,0,0,0,0,0,0,0,0,0.0,0,0,0
1/3/1900,08:00,0,0,0.0,0,0,0.0,0,0,0.0,0,0,0,0,0,0,0,0,0,0,0,0,0,0,0,0,0,0,0,0,6.7908545,0,0,6.7908545,0,0,100.0,0,0,986.8439,0,0,0,0,0,0.5,0,0,0,0,0,0,0,0,0,0,0,0,0,0,0,0,0,0.0,0,0,0
1/3/1900,09:00,0,0,24.157743,0,0,0.0,0,0,24.157743,0,0,0,0,0,0,0,0,0,0,0,0,0,0,0,0,0,0,0,0,7.520632,0,0,6.9902167,0,0,96.42202,0,0,986.64606,0,0,0,0,0,0.7,0,0,0,0,0,0,0,0,0,0,0,0,0,0,0,0,0,0.0,0,0,0
1/3/1900,10:00,0,0,146.17139,0,0,138.46303,0,0,112.62968,0,0,0,0,0,0,0,0,0,0,0,0,0,0,0,0,0,0,0,0,9.460675,0,0,7.322374,0,0,86.45766,0,0,986.4483,0,0,0,0,0,0.7,0,0,0,0,0,0,0,0,0,0,0,0,0,0,0,0,0,0.0,0,0,0
1/3/1900,11:00,0,0,243.65411,0,0,179.25627,0,0,177.95485,0,0,0,0,0,0,0,0,0,0,0,0,0,0,0,0,0,0,0,0,11.132154,0,0,6.649891,0,0,73.80127,0,0,986.25055,0,0,0,0,0,1.4,0,0,0,0,0,0,0,0,0,0,0,0,0,0,0,0,0,0.0,0,0,0
1/3/1900,12:00,0,0,328.28745,0,0,345.53943,0,0,172.96814,0,0,0,0,0,0,0,0,0,0,0,0,0,0,0,0,0,0,0,0,12.630987,0,0,6.747215,0,0,67.28704,0,0,986.05273,0,0,0,0,0,1.5,0,0,0,0,0,0,0,0,0,0,0,0,0,0,0,0,0,0.0,0,0,0
1/3/1900,13:00,0,0,381.04538,0,0,423.4084,0,0,175.45898,0,0,0,0,0,0,0,0,0,0,0,0,0,0,0,0,0,0,0,0,13.851378,0,0,6.8922205,0,0,62.74878,0,0,985.855,0,0,0,0,0,1.9,0,0,0,0,0,0,0,0,0,0,0,0,0,0,0,0,0,0.0,0,0,0
1/3/1900,14:00,0,0,354.98892,0,0,357.5761,0,0,186.13708,0,0,0,0,0,0,0,0,0,0,0,0,0,0,0,0,0,0,0,0,14.5011215,0,0,7.2762723,0,0,61.767555,0,0,985.7055,0,0,0,0,0,1.5,0,0,0,0,0,0,0,0,0,0,0,0,0,0,0,0,0,0.0,0,0,0
1/3/1900,15:00,0,0,262.14505,0,0,153.28752,0,0,199.23727,0,0,0,0,0,0,0,0,0,0,0,0,0,0,0,0,0,0,0,0,14.511414,0,0,6.9227457,0,0,60.243565,0,0,985.5561,0,0,0,0,0,1.0,0,0,0,0,0,0,0,0,0,0,0,0,0,0,0,0,0,0.0,0,0,0
1/3/1900,16:00,0,0,175.85188,0,0,125.86432,0,0,137.55142,0,0,0,0,0,0,0,0,0,0,0,0,0,0,0,0,0,0,0,0,13.939776,0,0,5.870884,0,0,58.13213,0,0,985.4066,0,0,0,0,0,1.4,0,0,0,0,0,0,0,0,0,0,0,0,0,0,0,0,0,0.0,0,0,0
1/3/1900,17:00,0,0,76.393456,0,0,65.25541,0,0,65.876335,0,0,0,0,0,0,0,0,0,0,0,0,0,0,0,0,0,0,0,0,12.863998,0,0,5.577529,0,0,61.10441,0,0,985.25714,0,0,0,0,0,2.6,0,0,0,0,0,0,0,0,0,0,0,0,0,0,0,0,0,0.0,0,0,0
1/3/1900,18:00,0,0,1.1989021,0,0,0.0,0,0,1.1989021,0,0,0,0,0,0,0,0,0,0,0,0,0,0,0,0,0,0,0,0,11.570799,0,0,5.509528,0,0,66.2303,0,0,985.1077,0,0,0,0,0,4.3,0,0,0,0,0,0,0,0,0,0,0,0,0,0,0,0,0,0.0,0,0,0
1/3/1900,19:00,0,0,0.0,0,0,0.0,0,0,0.0,0,0,0,0,0,0,0,0,0,0,0,0,0,0,0,0,0,0,0,0,10.808657,0,0,5.745109,0,0,70.82623,0,0,984.95825,0,0,0,0,0,4.0,0,0,0,0,0,0,0,0,0,0,0,0,0,0,0,0,0,0.0,0,0,0
1/3/1900,20:00,0,0,0.0,0,0,0.0,0,0,0.0,0,0,0,0,0,0,0,0,0,0,0,0,0,0,0,0,0,0,0,0,10.046514,0,0,5.089434,0,0,71.20054,0,0,984.8088,0,0,0,0,0,2.9,0,0,0,0,0,0,0,0,0,0,0,0,0,0,0,0,0,0.0,0,0,0
1/3/1900,21:00,0,0,0.0,0,0,0.0,0,0,0.0,0,0,0,0,0,0,0,0,0,0,0,0,0,0,0,0,0,0,0,0,9.284371,0,0,5.1221647,0,0,75.12197,0,0,984.65936,0,0,0,0,0,2.9,0,0,0,0,0,0,0,0,0,0,0,0,0,0,0,0,0,0.0,0,0,0
1/3/1900,22:00,0,0,0.0,0,0,0.0,0,0,0.0,0,0,0,0,0,0,0,0,0,0,0,0,0,0,0,0,0,0,0,0,8.522229,0,0,5.0421233,0,0,78.66205,0,0,984.5099,0,0,0,0,0,3.4,0,0,0,0,0,0,0,0,0,0,0,0,0,0,0,0,0,0.0,0,0,0
1/3/1900,23:00,0,0,0.0,0,0,0.0,0,0,0.0,0,0,0,0,0,0,0,0,0,0,0,0,0,0,0,0,0,0,0,0,7.7600865,0,0,4.8071012,0,0,81.50561,0,0,984.3604,0,0,0,0,0,3.1,0,0,0,0,0,0,0,0,0,0,0,0,0,0,0,0,0,0.0,0,0,0
1/3/1900,24:00,0,0,0.0,0,0,0.0,0,0,0.0,0,0,0,0,0,0,0,0,0,0,0,0,0,0,0,0,0,0,0,0,6.997944,0,0,4.4751043,0,0,83.90324,0,0,984.211,0,0,0,0,0,3.4,0,0,0,0,0,0,0,0,0,0,0,0,0,0,0,0,0,0.0,0,0,0
1/4/1900,01:00,0,0,0.0,0,0,0.0,0,0,0.0,0,0,0,0,0,0,0,0,0,0,0,0,0,0,0,0,0,0,0,0,6.482473,0,0,4.4376273,0,0,86.71178,0,0,984.0615,0,0,0,0,0,3.1,0,0,0,0,0,0,0,0,0,0,0,0,0,0,0,0,0,0.0,0,0,0
1/4/1900,02:00,0,0,0.0,0,0,0.0,0,0,0.0,0,0,0,0,0,0,0,0,0,0,0,0,0,0,0,0,0,0,0,0,5.945407,0,0,3.9557333,0,0,86.994514,0,0,983.91205,0,0,0,0,0,3.1,0,0,0,0,0,0,0,0,0,0,0,0,0,0,0,0,0,0.0,0,0,0
1/4/1900,03:00,0,0,0.0,0,0,0.0,0,0,0.0,0,0,0,0,0,0,0,0,0,0,0,0,0,0,0,0,0,0,0,0,5.40834,0,0,3.0515163,0,0,84.701675,0,0,983.76263,0,0,0,0,0,3.6,0,0,0,0,0,0,0,0,0,0,0,0,0,0,0,0,0,0.0,0,0,0
1/4/1900,04:00,0,0,0.0,0,0,0.0,0,0,0.0,0,0,0,0,0,0,0,0,0,0,0,0,0,0,0,0,0,0,0,0,5.1290092,0,0,2.8502052,0,0,85.14093,0,0,983.61316,0,0,0,0,0,4.3,0,0,0,0,0,0,0,0,0,0,0,0,0,0,0,0,0,0.0,0,0,0
1/4/1900,05:00,0,0,0.0,0,0,0.0,0,0,0.0,0,0,0,0,0,0,0,0,0,0,0,0,0,0,0,0,0,0,0,0,4.849678,0,0,3.0068812,0,0,87.79636,0,0,983.4637,0,0,0,0,0,5.1,0,0,0,0,0,0,0,0,0,0,0,0,0,0,0,0,0,0.0,0,0,0
1/4/1900,06:00,0,0,0.0,0,0,0.0,0,0,0.0,0,0,0,0,0,0,0,0,0,0,0,0,0,0,0,0,0,0,0,0,4.570347,0,0,1.5687925,0,0,80.77265,0,0,983.3143,0,0,0,0,0,3.8,0,0,0,0,0,0,0,0,0,0,0,0,0,0,0,0,0,0.0,0,0,0
1/4/1900,07:00,0,0,0.0,0,0,0.0,0,0,0.0,0,0,0,0,0,0,0,0,0,0,0,0,0,0,0,0,0,0,0,0,4.3771,0,0,1.595975,0,0,82.037994,0,0,983.1648,0,0,0,0,0,2.6,0,0,0,0,0,0,0,0,0,0,0,0,0,0,0,0,0,0.0,0,0,0
1/4/1900,08:00,0,0,0.0,0,0,0.0,0,0,0.0,0,0,0,0,0,0,0,0,0,0,0,0,0,0,0,0,0,0,0,0,4.183853,0,0,1.5724642,0,0,83.021255,0,0,983.0153,0,0,0,0,0,2.3,0,0,0,0,0,0,0,0,0,0,0,0,0,0,0,0,0,0.0,0,0,0
1/4/1900,09:00,0,0,9.213105,0,0,0.0,0,0,9.213105,0,0,0,0,0,0,0,0,0,0,0,0,0,0,0,0,0,0,0,0,4.4764433,0,0,1.528115,0,0,81.06946,0,0,982.8659,0,0,0,0,0,2.3,0,0,0,0,0,0,0,0,0,0,0,0,0,0,0,0,0,0.0,0,0,0
1/4/1900,10:00,0,0,18.557125,0,0,0.0,0,0,18.557125,0,0,0,0,0,0,0,0,0,0,0,0,0,0,0,0,0,0,0,0,4.614174,0,0,2.0728688,0,0,83.49607,0,0,982.71643,0,0,0,0,0,1.7,0,0,0,0,0,0,0,0,0,0,0,0,0,0,0,0,0,0.0,0,0,0
1/4/1900,11:00,0,0,206.82814,0,0,132.02557,0,0,158.35603,0,0,0,0,0,0,0,0,0,0,0,0,0,0,0,0,0,0,0,0,6.7858295,0,0,2.6243439,0,0,74.675316,0,0,982.56696,0,0,0,0,0,2.0,0,0,0,0,0,0,0,0,0,0,0,0,0,0,0,0,0,0.0,0,0,0
1/4/1900,12:00,0,0,261.37503,0,0,92.48416,0,0,219.70926,0,0,0,0,0,0,0,0,0,0,0,0,0,0,0,0,0,0,0,0,8.3259,0,0,2.7689674,0,0,67.893524,0,0,982.41754,0,0,0,0,0,1.7,0,0,0,0,0,0,0,0,0,0,0,0,0,0,0,0,0,0.0,0,0,0
1/4/1900,13:00,0,0,284.1417,0,0,113.69774,0,0,228.77594,0,0,0,0,0,0,0,0,0,0,0,0,0,0,0,0,0,0,0,0,9.396583,0,0,3.136134,0,0,64.813,0,0,982.26807,0,0,0,0,0,2.6,0,0,0,0,0,0,0,0,0,0,0,0,0,0,0,0,0,0.0,0,0,0
1/4/1900,14:00,0,0,192.00241,0,0,15.071156,0,0,184.8591,0,0,0,0,0,0,0,0,0,0,0,0,0,0,0,0,0,0,0,0,9.579483,0,0,3.500779,0,0,65.69725,0,0,982.32043,0,0,0,0,0,1.6,0,0,0,0,0,0,0,0,0,0,0,0,0,0,0,0,0,0.0,0,0,0
1/4/1900,15:00,0,0,192.71452,0,0,26.753347,0,0,181.68005,0,0,0,0,0,0,0,0,0,0,0,0,0,0,0,0,0,0,0,0,9.707424,0,0,2.995182,0,0,62.835915,0,0,982.37286,0,0,0,0,0,1.2,0,0,0,0,0,0,0,0,0,0,0,0,0,0,0,0,0,0.0,0,0,0
1/4/1900,16:00,0,0,117.066505,0,0,6.125973,0,0,115.18836,0,0,0,0,0,0,0,0,0,0,0,0,0,0,0,0,0,0,0,0,9.328292,0,0,2.8013437,0,0,63.578793,0,0,982.42523,0,0,0,0,0,1.2,0,0,0,0,0,0,0,0,0,0,0,0,0,0,0,0,0,0.0,0,0,0
1/4/1900,17:00,0,0,57.05756,0,0,0.29826066,0,0,57.008766,0,0,0,0,0,0,0,0,0,0,0,0,0,0,0,0,0,0,0,0,8.642065,0,0,1.9340627,0,0,62.595123,0,0,982.47766,0,0,0,0,0,1.4,0,0,0,0,0,0,0,0,0,0,0,0,0,0,0,0,0,0.0,0,0,0
1/4/1900,18:00,0,0,1.2440015,0,0,0.0,0,0,1.2440015,0,0,0,0,0,0,0,0,0,0,0,0,0,0,0,0,0,0,0,0,7.765194,0,0,2.6229053,0,0,69.81039,0,0,982.53,0,0,0,0,0,1.9,0,0,0,0,0,0,0,0,0,0,0,0,0,0,0,0,0,0.0,0,0,0
1/4/1900,19:00,0,0,0.0,0,0,0.0,0,0,0.0,0,0,0,0,0,0,0,0,0,0,0,0,0,0,0,0,0,0,0,0,7.2274604,0,0,3.3974319,0,0,76.53691,0,0,982.5824,0,0,0,0,0,1.9,0,0,0,0,0,0,0,0,0,0,0,0,0,0,0,0,0,0.0,0,0,0
1/4/1900,20:00,0,0,0.0,0,0,0.0,0,0,0.0,0,0,0,0,0,0,0,0,0,0,0,0,0,0,0,0,0,0,0,0,6.689727,0,0,2.9330895,0,0,76.8455,0,0,982.6348,0,0,0,0,0,2.3,0,0,0,0,0,0,0,0,0,0,0,0,0,0,0,0,0,0.0,0,0,0
1/4/1900,21:00,0,0,0.0,0,0,0.0,0,0,0.0,0,0,0,0,0,0,0,0,0,0,0,0,0,0,0,0,0,0,0,0,6.1519938,0,0,2.9885693,0,0,80.07327,0,0,982.6872,0,0,0,0,0,1.6,0,0,0,0,0,0,0,0,0,0,0,0,0,0,0,0,0,0.0,0,0,0
1/4/1900,22:00,0,0,0.0,0,0,0.0,0,0,0.0,0,0,0,0,0,0,0,0,0,0,0,0,0,0,0,0,0,0,0,0,5.6142607,0,0,2.5243044,0,0,80.414116,0,0,982.7396,0,0,0,0,0,2.1,0,0,0,0,0,0,0,0,0,0,0,0,0,0,0,0,0,0.0,0,0,0
1/4/1900,23:00,0,0,0.0,0,0,0.0,0,0,0.0,0,0,0,0,0,0,0,0,0,0,0,0,0,0,0,0,0,0,0,0,5.076527,0,0,2.0367157,0,0,80.62443,0,0,982.792,0,0,0,0,0,2.0,0,0,0,0,0,0,0,0,0,0,0,0,0,0,0,0,0,0.0,0,0,0
1/4/1900,24:00,0,0,0.0,0,0,0.0,0,0,0.0,0,0,0,0,0,0,0,0,0,0,0,0,0,0,0,0,0,0,0,0,4.5387936,0,0,2.4208114,0,0,86.05776,0,0,982.8444,0,0,0,0,0,2.0,0,0,0,0,0,0,0,0,0,0,0,0,0,0,0,0,0,0.0,0,0,0
1/5/1900,01:00,0,0,0.0,0,0,0.0,0,0,0.0,0,0,0,0,0,0,0,0,0,0,0,0,0,0,0,0,0,0,0,0,4.0847416,0,0,0.9322547,0,0,79.82491,0,0,982.8968,0,0,0,0,0,3.4,0,0,0,0,0,0,0,0,0,0,0,0,0,0,0,0,0,0.0,0,0,0
1/5/1900,02:00,0,0,0.0,0,0,0.0,0,0,0.0,0,0,0,0,0,0,0,0,0,0,0,0,0,0,0,0,0,0,0,0,3.644493,0,0,0.43525496,0,0,79.42933,0,0,982.94916,0,0,0,0,0,4.0,0,0,0,0,0,0,0,0,0,0,0,0,0,0,0,0,0,0.0,0,0,0
1/5/1900,03:00,0,0,0.0,0,0,0.0,0,0,0.0,0,0,0,0,0,0,0,0,0,0,0,0,0,0,0,0,0,0,0,0,3.2042444,0,0,0.33674875,0,0,81.36325,0,0,983.0016,0,0,0,0,0,3.4,0,0,0,0,0,0,0,0,0,0,0,0,0,0,0,0,0,0.0,0,0,0
1/5/1900,04:00,0,0,0.0,0,0,0.0,0,0,0.0,0,0,0,0,0,0,0,0,0,0,0,0,0,0,0,0,0,0,0,0,2.9910216,0,0,-0.07584466,0,0,80.157745,0,0,983.05396,0,0,0,0,0,2.6,0,0,0,0,0,0,0,0,0,0,0,0,0,0,0,0,0,0.0,0,0,0
1/5/1900,05:00,0,0,0.0,0,0,0.0,0,0,0.0,0,0,0,0,0,0,0,0,0,0,0,0,0,0,0,0,0,0,0,0,2.7777987,0,0,-0.18538828,0,0,80.735725,0,0,983.1064,0,0,0,0,0,4.0,0,0,0,0,0,0,0,0,0,0,0,0,0,0,0,0,0,0.0,0,0,0
1/5/1900,06:00,0,0,0.0,0,0,0.0,0,0,0.0,0,0,0,0,0,0,0,0,0,0,0,0,0,0,0,0,0,0,0,0,2.5645757,0,0,0.42841247,0,0,85.72722,0,0,983.15875,0,0,0,0,0,3.6,0,0,0,0,0,0,0,0,0,0,0,0,0,0,0,0,0,0.0,0,0,0
1/5/1900,07:00,0,0,0.0,0,0,0.0,0,0,0.0,0,0,0,0,0,0,0,0,0,0,0,0,0,0,0,0,0,0,0,0,2.4271796,0,0,-0.39463842,0,0,81.52467,0,0,983.2112,0,0,0,0,0,4.3,0,0,0,0,0,0,0,0,0,0,0,0,0,0,0,0,0,0.0,0,0,0
1/5/1900,08:00,0,0,0.0,0,0,0.0,0,0,0.0,0,0,0,0,0,0,0,0,0,0,0,0,0,0,0,0,0,0,0,0,2.2897835,0,0,-0.69089997,0,0,80.56035,0,0,983.26355,0,0,0,0,0,2.9,0,0,0,0,0,0,0,0,0,0,0,0,0,0,0,0,0,0.0,0,0,0
1/5/1900,09:00,0,0,19.753304,0,0,0.0,0,0,19.753304,0,0,0,0,0,0,0,0,0,0,0,0,0,0,0,0,0,0,0,0,2.9521663,0,0,-0.41411793,0,0,78.41477,0,0,983.3159,0,0,0,0,0,2.7,0,0,0,0,0,0,0,0,0,0,0,0,0,0,0,0,0,0.0,0,0,0
1/5/1900,10:00,0,0,138.6433,0,0,112.18333,0,0,111.39568,0,0,0,0,0,0,0,0,0,0,0,0,0,0,0,0,0,0,0,0,4.9177866,0,0,-0.07921393,0,0,69.94431,0,0,983.36835,0,0,0,0,0,2.3,0,0,0,0,0,0,0,0,0,0,0,0,0,0,0,0,0,0.0,0,0,0
1/5/1900,11:00,0,0,225.75363,0,0,132.74304,0,0,176.9194,0,0,0,0,0,0,0,0,0,0,0,0,0,0,0,0,0,0,0,0,6.5355883,0,0,0.37616804,0,0,64.609024,0,0,983.4207,0,0,0,0,0,1.7,0,0,0,0,0,0,0,0,0,0,0,0,0,0,0,0,0,0.0,0,0,0
1/5/1900,12:00,0,0,320.3594,0,0,299.32703,0,0,185.16824,0,0,0,0,0,0,0,0,0,0,0,0,0,0,0,0,0,0,0,0,8.127962,0,0,0.8255346,0,0,59.84037,0,0,983.47314,0,0,0,0,0,1.7,0,0,0,0,0,0,0,0,0,0,0,0,0,0,0,0,0,0.0,0,0,0
1/5/1900,13:00,0,0,337.34082,0,0,172.26802,0,0,253.19287,0,0,0,0,0,0,0,0,0,0,0,0,0,0,0,0,0,0,0,0,9.200422,0,0,0.4321478,0,0,54.070736,0,0,983.5255,0,0,0,0,0,1.6,0,0,0,0,0,0,0,0,0,0,0,0,0,0,0,0,0,0.0,0,0,0
1/5/1900,14:00,0,0,326.07587,0,0,215.95964,0,0,223.314,0,0,0,0,0,0,0,0,0,0,0,0,0,0,0,0,0,0,0,0,9.85835,0,0,1.0176377,0,0,53.969746,0,0,983.4528,0,0,0,0,0,2.4,0,0,0,0,0,0,0,0,0,0,0,0,0,0,0,0,0,0.0,0,0,0
1/5/1900,15:00,0,0,179.4746,0,0,24.036175,0,0,169.50888,0,0,0,0,0,0,0,0,0,0,0,0,0,0,0,0,0,0,0,0,9.485311,0,0,0.62122923,0,0,53.774605,0,0,983.3801,0,0,0,0,0,2.1,0,0,0,0,0,0,0,0,0,0,0,0,0,0,0,0,0,0.0,0,0,0
1/5/1900,16:00,0,0,88.07201,0,0,0.0,0,0,88.07201,0,0,0,0,0,0,0,0,0,0,0,0,0,0,0,0,0,0,0,0,8.571246,0,0,0.63215,0,0,57.252537,0,0,983.3075,0,0,0,0,0,2.1,0,0,0,0,0,0,0,0,0,0,0,0,0,0,0,0,0,0.0,0,0,0
1/5/1900,17:00,0,0,10.921663,0,0,0.0,0,0,10.921663,0,0,0,0,0,0,0,0,0,0,0,0,0,0,0,0,0,0,0,0,7.3848886,0,0,-0.24854714,0,0,58.223083,0,0,983.2348,0,0,0,0,0,2.9,0,0,0,0,0,0,0,0,0,0,0,0,0,0,0,0,0,0.0,0,0,0
1/5/1900,18:00,0,0,1.2559502,0,0,0.0,0,0,1.2559502,0,0,0,0,0,0,0,0,0,0,0,0,0,0,0,0,0,0,0,0,6.384613,0,0,-1.0830693,0,0,58.669773,0,0,983.1621,0,0,0,0,0,3.8,0,0,0,0,0,0,0,0,0,0,0,0,0,0,0,0,0,0.0,0,0,0
1/5/1900,19:00,0,0,0.0,0,0,0.0,0,0,0.0,0,0,0,0,0,0,0,0,0,0,0,0,0,0,0,0,0,0,0,0,5.963088,0,0,-1.4352489,0,0,58.85922,0,0,983.0895,0,0,0,0,0,3.8,0,0,0,0,0,0,0,0,0,0,0,0,0,0,0,0,0,0.0,0,0,0
1/5/1900,20:00,0,0,0.0,0,0,0.0,0,0,0.0,0,0,0,0,0,0,0,0,0,0,0,0,0,0,0,0,0,0,0,0,5.5415635,0,0,-1.5443649,0,0,60.123367,0,0,983.0168,0,0,0,0,0,2.4,0,0,0,0,0,0,0,0,0,0,0,0,0,0,0,0,0,0.0,0,0,0
1/5/1900,21:00,0,0,0.0,0,0,0.0,0,0,0.0,0,0,0,0,0,0,0,0,0,0,0,0,0,0,0,0,0,0,0,0,5.1200385,0,0,-1.2521567,0,0,63.270164,0,0,982.9441,0,0,0,0,0,3.6,0,0,0,0,0,0,0,0,0,0,0,0,0,0,0,0,0,0.0,0,0,0
1/5/1900,22:00,0,0,0.0,0,0,0.0,0,0,0.0,0,0,0,0,0,0,0,0,0,0,0,0,0,0,0,0,0,0,0,0,4.6985135,0,0,-1.5749907,0,0,63.629795,0,0,982.8714,0,0,0,0,0,3.8,0,0,0,0,0,0,0,0,0,0,0,0,0,0,0,0,0,0.0,0,0,0
1/5/1900,23:00,0,0,0.0,0,0,0.0,0,0,0.0,0,0,0,0,0,0,0,0,0,0,0,0,0,0,0,0,0,0,0,0,4.276989,0,0,-2.0435967,0,0,63.3049,0,0,982.7987,0,0,0,0,0,3.1,0,0,0,0,0,0,0,0,0,0,0,0,0,0,0,0,0,0.0,0,0,0
1/5/1900,24:00,0,0,0.0,0,0,0.0,0,0,0.0,0,0,0,0,0,0,0,0,0,0,0,0,0,0,0,0,0,0,0,0,3.855464,0,0,-2.085784,0,0,65.01146,0,0,982.7261,0,0,0,0,0,3.6,0,0,0,0,0,0,0,0,0,0,0,0,0,0,0,0,0,0.0,0,0,0
1/6/1900,01:00,0,0,0.0,0,0,0.0,0,0,0.0,0,0,0,0,0,0,0,0,0,0,0,0,0,0,0,0,0,0,0,0,3.322104,0,0,0.57962835,0,0,82.12297,0,0,982.6534,0,0,0,0,0,5.0,0,0,0,0,0,0,0,0,0,0,0,0,0,0,0,0,0,0.29173985,0,0,0
1/6/1900,02:00,0,0,0.0,0,0,0.0,0,0,0.0,0,0,0,0,0,0,0,0,0,0,0,0,0,0,0,0,0,0,0,0,2.9088144,0,0,0.8116732,0,0,86.00877,0,0,982.5807,0,0,0,0,0,5.1,0,0,0,0,0,0,0,0,0,0,0,0,0,0,0,0,0,0.013978845,0,0,0
1/6/1900,03:00,0,0,0.0,0,0,0.0,0,0,0.0,0,0,0,0,0,0,0,0,0,0,0,0,0,0,0,0,0,0,0,0,2.4371767,0,0,0.35110384,0,0,86.026115,0,0,982.50806,0,0,0,0,0,5.1,0,0,0,0,0,0,0,0,0,0,0,0,0,0,0,0,0,0.058895655,0,0,0
1/6/1900,04:00,0,0,0.0,0,0,0.0,0,0,0.0,0,0,0,0,0,0,0,0,0,0,0,0,0,0,0,0,0,0,0,0,2.203045,0,0,0.12246133,0,0,86.03478,0,0,982.43536,0,0,0,0,0,5.0,0,0,0,0,0,0,0,0,0,0,0,0,0,0,0,0,0,0.0006718979,0,0,0
1/6/1900,05:00,0,0,0.0,0,0,0.0,0,0,0.0,0,0,0,0,0,0,0,0,0,0,0,0,0,0,0,0,0,0,0,0,1.9689133,0,0,-0.1061853,0,0,86.04348,0,0,982.3627,0,0,0,0,0,4.8,0,0,0,0,0,0,0,0,0,0,0,0,0,0,0,0,0,0.0,0,0,0
1/6/1900,06:00,0,0,0.0,0,0,0.0,0,0,0.0,0,0,0,0,0,0,0,0,0,0,0,0,0,0,0,0,0,0,0,0,1.7347815,0,0,-0.33483577,0,0,86.05222,0,0,982.29,0,0,0,0,0,4.5,0,0,0,0,0,0,0,0,0,0,0,0,0,0,0,0,0,0.0,0,0,0
1/6/1900,07:00,0,0,0.0,0,0,0.0,0,0,0.0,0,0,0,0,0,0,0,0,0,0,0,0,0,0,0,0,0,0,0,0,1.5799768,0,0,-0.48601866,0,0,86.05802,0,0,982.2173,0,0,0,0,0,4.8,0,0,0,0,0,0,0,0,0,0,0,0,0,0,0,0,0,0.0,0,0,0
1/6/1900,08:00,0,0,0.0,0,0,0.0,0,0,0.0,0,0,0,0,0,0,0,0,0,0,0,0,0,0,0,0,0,0,0,0,1.4251721,0,0,-0.637203,0,0,86.063835,0,0,982.14465,0,0,0,0,0,4.5,0,0,0,0,0,0,0,0,0,0,0,0,0,0,0,0,0,0.0,0,0,0
1/6/1900,09:00,0,0,4.997084,0,0,0.0,0,0,4.997084,0,0,0,0,0,0,0,0,0,0,0,0,0,0,0,0,0,0,0,0,1.6175215,0,0,-0.44935212,0,0,86.05661,0,0,982.07196,0,0,0,0,0,4.3,0,0,0,0,0,0,0,0,0,0,0,0,0,0,0,0,0,0.0,0,0,0
1/6/1900,10:00,0,0,33.11205,0,0,0.0,0,0,33.11205,0,0,0,0,0,0,0,0,0,0,0,0,0,0,0,0,0,0,0,0,2.152509,0,0,-0.5548374,0,0,82.17324,0,0,981.99927,0,0,0,0,0,2.9,0,0,0,0,0,0,0,0,0,0,0,0,0,0,0,0,0,0.0,0,0,0
1/6/1900,11:00,0,0,62.06634,0,0,0.0,0,0,62.06634,0,0,0,0,0,0,0,0,0,0,0,0,0,0,0,0,0,0,0,0,2.6980767,0,0,-0.025640592,0,0,82.149666,0,0,981.92664,0,0,0,0,0,3.1,0,0,0,0,0,0,0,0,0,0,0,0,0,0,0,0,0,0.0,0,0,0
1/6/1900,12:00,0,0,36.99988,0,0,0.0,0,0,36.99988,0,0,0,0,0,0,0,0,0,0,0,0,0,0,0,0,0,0,0,0,2.7355626,0,0,-3.0392632,0,0,65.55651,0,0,981.85394,0,0,0,0,0,3.8,0,0,0,0,0,0,0,0,0,0,0,0,0,0,0,0,0,0.0,0,0,0
1/6/1900,13:00,0,0,96.284706,0,0,0.0,0,0,96.284706,0,0,0,0,0,0,0,0,0,0,0,0,0,0,0,0,0,0,0,0,3.2078,0,0,-3.9113657,0,0,59.363632,0,0,981.78125,0,0,0,0,0,5.0,0,0,0,0,0,0,0,0,0,0,0,0,0,0,0,0,0,0.0,0,0,0
1/6/1900,14:00,0,0,389.10913,0,0,396.3701,0,0,199.7196,0,0,0,0,0,0,0,0,0,0,0,0,0,0,0,0,0,0,0,0,5.3693776,0,0,-2.1407852,0,0,58.21622,0,0,981.77264,0,0,0,0,0,5.5,0,0,0,0,0,0,0,0,0,0,0,0,0,0,0,0,0,0.0,0,0,0
1/6/1900,15:00,0,0,333.75137,0,0,489.09116,0,0,129.86264,0,0,0,0,0,0,0,0,0,0,0,0,0,0,0,0,0,0,0,0,6.6152587,0,0,-2.3761923,0,0,52.465397,0,0,981.76404,0,0,0,0,0,5.8,0,0,0,0,0,0,0,0,0,0,0,0,0,0,0,0,0,0.0,0,0,0
1/6/1900,16:00,0,0,245.33739,0,0,519.45044,0,0,83.561005,0,0,0,0,0,0,0,0,0,0,0,0,0,0,0,0,0,0,0,0,7.1325684,0,0,-2.845383,0,0,48.88504,0,0,981.75543,0,0,0,0,0,5.1,0,0,0,0,0,0,0,0,0,0,0,0,0,0,0,0,0,0.0,0,0,0
1/6/1900,17:00,0,0,113.36008,0,0,314.07538,0,0,60.378765,0,0,0,0,0,0,0,0,0,0,0,0,0,0,0,0,0,0,0,0,6.8727355,0,0,-3.0499535,0,0,49.010643,0,0,981.7468,0,0,0,0,0,3.4,0,0,0,0,0,0,0,0,0,0,0,0,0,0,0,0,0,0.0,0,0,0
1/6/1900,18:00,0,0,4.7104216,0,0,0.0,0,0,4.7104216,0,0,0,0,0,0,0,0,0,0,0,0,0,0,0,0,0,0,0,0,5.9670453,0,0,-3.9756079,0,0,48.66812,0,0,981.7382,0,0,0,0,0,1.9,0,0,0,0,0,0,0,0,0,0,0,0,0,0,0,0,0,0.0,0,0,0
1/6/1900,19:00,0,0,0.0,0,0,0.0,0,0,0.0,0,0,0,0,0,0,0,0,0,0,0,0,0,0,0,0,0,0,0,0,5.3860126,0,0,-3.9147696,0,0,50.910007,0,0,981.7296,0,0,0,0,0,1.9,0,0,0,0,0,0,0,0,0,0,0,0,0,0,0,0,0,0.0,0,0,0
1/6/1900,20:00,0,0,0.0,0,0,0.0,0,0,0.0,0,0,0,0,0,0,0,0,0,0,0,0,0,0,0,0,0,0,0,0,4.8049803,0,0,-3.8498979,0,0,53.28174,0,0,981.721,0,0,0,0,0,1.2,0,0,0,0,0,0,0,0,0,0,0,0,0,0,0,0,0,0.0,0,0,0
1/6/1900,21:00,0,0,0.0,0,0,0.0,0,0,0.0,0,0,0,0,0,0,0,0,0,0,0,0,0,0,0,0,0,0,0,0,4.2239475,0,0,-3.900737,0,0,55.289886,0,0,981.7124,0,0,0,0,0,1.5,0,0,0,0,0,0,0,0,0,0,0,0,0,0,0,0,0,0.0,0,0,0
1/6/1900,22:00,0,0,0.0,0,0,0.0,0,0,0.0,0,0,0,0,0,0,0,0,0,0,0,0,0,0,0,0,0,0,0,0,3.6429148,0,0,-3.9024413,0,0,57.59843,0,0,981.7038,0,0,0,0,0,1.0,0,0,0,0,0,0,0,0,0,0,0,0,0,0,0,0,0,0.0,0,0,0
1/6/1900,23:00,0,0,0.0,0,0,0.0,0,0,0.0,0,0,0,0,0,0,0,0,0,0,0,0,0,0,0,0,0,0,0,0,3.061882,0,0,-4.763329,0,0,56.231705,0,0,981.6952,0,0,0,0,0,1.0,0,0,0,0,0,0,0,0,0,0,0,0,0,0,0,0,0,0.0,0,0,0
1/6/1900,24:00,0,0,0.0,0,0,0.0,0,0,0.0,0,0,0,0,0,0,0,0,0,0,0,0,0,0,0,0,0,0,0,0,2.4808493,0,0,-5.4513173,0,0,55.61318,0,0,981.6866,0,0,0,0,0,0.7,0,0,0,0,0,0,0,0,0,0,0,0,0,0,0,0,0,0.0,0,0,0
1/7/1900,01:00,0,0,0.0,0,0,0.0,0,0,0.0,0,0,0,0,0,0,0,0,0,0,0,0,0,0,0,0,0,0,0,0,1.8867412,0,0,-5.365413,0,0,58.41503,0,0,981.678,0,0,0,0,0,0.7,0,0,0,0,0,0,0,0,0,0,0,0,0,0,0,0,0,0.0,0,0,0
1/7/1900,02:00,0,0,0.0,0,0,0.0,0,0,0.0,0,0,0,0,0,0,0,0,0,0,0,0,0,0,0,0,0,0,0,0,1.234402,0,0,-5.084423,0,0,62.554516,0,0,981.66943,0,0,0,0,0,0.5,0,0,0,0,0,0,0,0,0,0,0,0,0,0,0,0,0,0.0,0,0,0
1/7/1900,03:00,0,0,0.0,0,0,0.0,0,0,0.0,0,0,0,0,0,0,0,0,0,0,0,0,0,0,0,0,0,0,0,0,0.58206266,0,0,-5.126442,0,0,65.37208,0,0,981.6608,0,0,0,0,0,0.6,0,0,0,0,0,0,0,0,0,0,0,0,0,0,0,0,0,0.0,0,0,0
1/7/1900,04:00,0,0,0.0,0,0,0.0,0,0,0.0,0,0,0,0,0,0,0,0,0,0,0,0,0,0,0,0,0,0,0,0,0.22677743,0,0,-5.98941,0,0,62.792583,0,0,981.6522,0,0,0,0,0,0.7,0,0,0,0,0,0,0,0,0,0,0,0,0,0,0,0,0,0.0,0,0,0
1/7/1900,05:00,0,0,0.0,0,0,0.0,0,0,0.0,0,0,0,0,0,0,0,0,0,0,0,0,0,0,0,0,0,0,0,0,-0.12850778,0,0,-5.4884086,0,0,66.96757,0,0,981.6436,0,0,0,0,0,0.8,0,0,0,0,0,0,0,0,0,0,0,0,0,0,0,0,0,0.0,0,0,0
1/7/1900,06:00,0,0,0.0,0,0,0.0,0,0,0.0,0,0,0,0,0,0,0,0,0,0,0,0,0,0,0,0,0,0,0,0,-0.483793,0,0,-5.6565895,0,0,67.85219,0,0,981.635,0,0,0,0,0,0.7,0,0,0,0,0,0,0,0,0,0,0,0,0,0,0,0,0,0.0,0,0,0
1/7/1900,07:00,0,0,0.0,0,0,0.0,0,0,0.0,0,0,0,0,0,0,0,0,0,0,0,0,0,0,0,0,0,0,0,0,-0.73986214,0,0,-5.669796,0,0,69.06954,0,0,981.6264,0,0,0,0,0,0.5,0,0,0,0,0,0,0,0,0,0,0,0,0,0,0,0,0,0.0,0,0,0
1/7/1900,08:00,0,0,0.0,0,0,0.0,0,0,0.0,0,0,0,0,0,0,0,0,0,0,0,0,0,0,0,0,0,0,0,0,-0.9959313,0,0,-5.9261575,0,0,69.011246,0,0,981.6178,0,0,0,0,0,0.7,0,0,0,0,0,0,0,0,0,0,0,0,0,0,0,0,0,0.0,0,0,0
1/7/1900,09:00,0,0,5.871044,0,0,0.0,0,0,5.871044,0,0,0,0,0,0,0,0,0,0,0,0,0,0,0,0,0,0,0,0,-0.83906937,0,0,-5.086559,0,0,72.749115,0,0,981.6092,0,0,0,0,0,0.6,0,0,0,0,0,0,0,0,0,0,0,0,0,0,0,0,0,0.0,0,0,0
1/7/1900,10:00,0,0,22.625542,0,0,0.0,0,0,22.625542,0,0,0,0,0,0,0,0,0,0,0,0,0,0,0,0,0,0,0,0,-0.5903894,0,0,-4.6529884,0,0,73.82991,0,0,981.6006,0,0,0,0,0,0.7,0,0,0,0,0,0,0,0,0,0,0,0,0,0,0,0,0,0.001528226,0,0,0
1/7/1900,11:00,0,0,31.036306,0,0,0.0,0,0,31.036306,0,0,0,0,0,0,0,0,0,0,0,0,0,0,0,0,0,0,0,0,-0.44360387,0,0,-3.706319,0,0,78.46516,0,0,981.592,0,0,0,0,0,0.7,0,0,0,0,0,0,0,0,0,0,0,0,0,0,0,0,0,7.345469e-05,0,0,0
1/7/1900,12:00,0,0,106.30998,0,0,0.0,0,0,106.30998,0,0,0,0,0,0,0,0,0,0,0,0,0,0,0,0,0,0,0,0,0.2901099,0,0,-3.0605106,0,0,78.069046,0,0,981.5834,0,0,0,0,0,0.9,0,0,0,0,0,0,0,0,0,0,0,0,0,0,0,0,0,0.031894222,0,0,0
1/7/1900,13:00,0,0,57.389244,0,0,0.0,0,0,57.389244,0,0,0,0,0,0,0,0,0,0,0,0,0,0,0,0,0,0,0,0,0.34859133,0,0,-2.1366124,0,0,83.28893,0,0,981.57477,0,0,0,0,0,0.7,0,0,0,0,0,0,0,0,0,0,0,0,0,0,0,0,0,0.0064387196,0,0,0
1/7/1900,14:00,0,0,365.80502,0,0,316.58694,0,0,213.87958,0,0,0,0,0,0,0,0,0,0,0,0,0,0,0,0,0,0,0,0,2.2513688,0,0,-2.3731353,0,0,71.32919,0,0,981.4787,0,0,0,0,0,1.1,0,0,0,0,0,0,0,0,0,0,0,0,0,0,0,0,0,0.0,0,0,0
1/7/1900,15:00,0,0,329.5814,0,0,442.87628,0,0,143.91457,0,0,0,0,0,0,0,0,0,0,0,0,0,0,0,0,0,0,0,0,3.404273,0,0,-1.7937965,0,0,68.5927,0,0,981.3827,0,0,0,0,0,1.2,0,0,0,0,0,0,0,0,0,0,0,0,0,0,0,0,0,0.0,0,0,0
1/7/1900,16:00,0,0,250.41629,0,0,492.68985,0,0,95.71335,0,0,0,0,0,0,0,0,0,0,0,0,0,0,0,0,0,0,0,0,3.8918538,0,0,-1.8151759,0,0,66.160515,0,0,981.2866,0,0,0,0,0,0.8,0,0,0,0,0,0,0,0,0,0,0,0,0,0,0,0,0,0.0,0,0,0
1/7/1900,17:00,0,0,157.60838,0,0,503.88266,0,0,71.26409,0,0,0,0,0,0,0,0,0,0,0,0,0,0,0,0,0,0,0,0,3.8803504,0,0,-1.540894,0,0,67.57332,0,0,981.19055,0,0,0,0,0,1.0,0,0,0,0,0,0,0,0,0,0,0,0,0,0,0,0,0,0.0,0,0,0
1/7/1900,18:00,0,0,3.8809524,0,0,0.0,0,0,3.8809524,0,0,0,0,0,0,0,0,0,0,0,0,0,0,0,0,0,0,0,0,2.928229,0,0,-0.9864496,0,0,75.31486,0,0,981.09454,0,0,0,0,0,1.2,0,0,0,0,0,0,0,0,0,0,0,0,0,0,0,0,0,0.0,0,0,0